<?xml version="1.0" encoding="utf-8"?>
<xsd:schema elementFormDefault="qualified" targetNamespace="http://ntnu.no/geo3141/ar5" xmlns:ar5="http://ntnu.no/geo3141/ar5" xmlns:gml="http://www.opengis.net/gml/3.2" xmlns:wfs="http://www.opengis.net/wfs/2.0" xmlns:xsd="http://www.w3.org/2001/XMLSchema">
  
  
  <xsd:import namespace="http://www.opengis.net/gml/3.2" schemaLocation="http://localhost:8080/geoserver/schemas/gml/3.2.1/gml.xsd"/>
  
  
  <xsd:complexType name="arealressursflateType">
    
    
    <xsd:complexContent>
      
      
      <xsd:extension base="gml:AbstractFeatureType">
        
        
        <xsd:sequence>
          
          
          <xsd:element maxOccurs="1" minOccurs="0" name="objtype" nillable="true" type="xsd:string"/>
          
          
          <xsd:element maxOccurs="1" minOccurs="0" name="areal" nillable="true" type="xsd:double"/>
          
          
          <xsd:element maxOccurs="1" minOccurs="0" name="kartbladindeks" nillable="true" type="xsd:string"/>
          
          
          <xsd:element maxOccurs="1" minOccurs="0" name="omraade" nillable="true" type="gml:SurfacePropertyType"/>
          
          
          <xsd:element maxOccurs="1" minOccurs="0" name="datafangstdato" nillable="true" type="xsd:dateTime"/>
          
          
          <xsd:element maxOccurs="1" minOccurs="0" name="lokalid" nillable="true" type="xsd:string"/>
          
          
          <xsd:element maxOccurs="1" minOccurs="0" name="navnerom" nillable="true" type="xsd:string"/>
          
          
          <xsd:element maxOccurs="1" minOccurs="0" name="versjonid" nillable="true" type="xsd:string"/>
          
          
          <xsd:element maxOccurs="1" minOccurs="0" name="maksimaltavvik" nillable="true" type="xsd:int"/>
          
          
          <xsd:element maxOccurs="1" minOccurs="0" name="noeyaktighet" nillable="true" type="xsd:int"/>
          
          
          <xsd:element maxOccurs="1" minOccurs="0" name="noeyaktighethoeyde" nillable="true" type="xsd:int"/>
          
          
          <xsd:element maxOccurs="1" minOccurs="0" name="arealressursgruppertenkel" nillable="true" type="xsd:string"/>
          
          
          <xsd:element maxOccurs="1" minOccurs="0" name="arealressursgruppertvanlig" nillable="true" type="xsd:string"/>
          
          
          <xsd:element maxOccurs="1" minOccurs="0" name="arealtype" nillable="true" type="xsd:string"/>
          
          
          <xsd:element maxOccurs="1" minOccurs="0" name="dyrkbarjord" nillable="true" type="xsd:string"/>
          
          
          <xsd:element maxOccurs="1" minOccurs="0" name="grunnforhold" nillable="true" type="xsd:string"/>
          
          
          <xsd:element maxOccurs="1" minOccurs="0" name="kartstandard" nillable="true" type="xsd:string"/>
          
          
          <xsd:element maxOccurs="1" minOccurs="0" name="naturgrunnlagforjordbruk" nillable="true" type="xsd:string"/>
          
          
          <xsd:element maxOccurs="1" minOccurs="0" name="skogbonitet" nillable="true" type="xsd:string"/>
          
          
          <xsd:element maxOccurs="1" minOccurs="0" name="treslag" nillable="true" type="xsd:string"/>
          
          
          <xsd:element maxOccurs="1" minOccurs="0" name="vegetasjonsdekke" nillable="true" type="xsd:string"/>
          
          
          <xsd:element maxOccurs="1" minOccurs="0" name="maalemetode" nillable="true" type="xsd:string"/>
          
          
          <xsd:element maxOccurs="1" minOccurs="0" name="maalemetodehoeyde" nillable="true" type="xsd:string"/>
          
          
          <xsd:element maxOccurs="1" minOccurs="0" name="synbarhet" nillable="true" type="xsd:string"/>
          
          
          <xsd:element maxOccurs="1" minOccurs="0" name="status" nillable="true" type="xsd:string"/>
          
        
        </xsd:sequence>
        
      
      </xsd:extension>
      
    
    </xsd:complexContent>
    
  
  </xsd:complexType>
  
  
  <xsd:element name="arealressursflate" substitutionGroup="gml:AbstractFeature" type="ar5:arealressursflateType"/>
  

</xsd:schema>
