<?xml version="1.0" encoding="utf-8"?>
<wfs:GetFeature xmlns:wfs="http://www.opengis.net/wfs/2.0" xmlns:ar5="http://ntnu.no/geo3141/ar5">
  <wfs:Query typeNames="ar5:arealressursflate">
    <fes:Filter xmlns:fes="http://www.opengis.net/fes/2.0" xmlns:gml="http://www.opengis.net/gml/3.2">
      <fes:BBOX>
        <fes:ValueReference>omraade</fes:ValueReference>
        <gml:Envelope srsName="urn:ogc:def:crs:EPSG::25832">
          <gml:lowerCorner>339450 6569600</gml:lowerCorner>
          <gml:upperCorner>339600 6569800</gml:upperCorner>
        </gml:Envelope>
      </fes:BBOX>
    </fes:Filter>
  </wfs:Query>
</wfs:GetFeature>
